-- Module 3 Problems

-- 1.
CREATE TABLE Customer
(custno CHAR(8) CONSTRAINT custnoreq NOT NULL,
custname VARCHAR2(20) CONSTRAINT custnamereq NOT NULL,
address VARCHAR2(13) CONSTRAINT addressreq NOT NULL,
Internal CHAR(1) CONSTRAINT Internalreq NOT NULL,
contact VARCHAR2(16) CONSTRAINT contactreq NOT NULL,
phone CHAR(7) CONSTRAINT custphonereq NOT NULL,
city VARCHAR2(10) CONSTRAINT cityreq NOT NULL,
state CHAR(2) CONSTRAINT statereq NOT NULL,
zip VARCHAR(5) CONSTRAINT zipreq NOT NULL,
CONSTRAINT PKcustno PRIMARY KEY (custno))

-- 2.
CREATE TABLE Facility
(facno CHAR(8) CONSTRAINT facnoreq NOT NULL,
facname VARCHAR2(16) CONSTRAINT facnamereq NOT NULL,
CONSTRAINT PKfacno PRIMARY KEY (facno),
CONSTRAINT UNIQUEfacname UNIQUE (facname))

-- 3.
CREATE TABLE Location
(locno CHAR(8),
facno CHAR(8) CONSTRAINT fkfacnoreq NOT NULL,
locname VARCHAR2(15) CONSTRAINT locname NOT NULL,
CONSTRAINT PKlocno PRIMARY KEY (locno),
CONSTRAINT FKfacno FOREIGN KEY (facno) REFERENCES Facility)

-- Quiz 
-- 1.
CREATE TABLE Employee 
(empno CHAR(8) CONSTRAINT empnoreq NOT NULL,
empname VARCHAR2(30) CONSTRAINT empnamereq NOT NULL,
department VARCHAR2(20) CONSTRAINT departmentreq NOT NULL,
email VARCHAR2(25) CONSTRAINT emailreq NOT NULL,
phone VARCHAR2(10) CONSTRAINT phonereq NOT NULL,
CONSTRAINT PKempno PRIMARY KEY (empno))

-- 2. 
CREATE TABLE ResourceTbl
(resno CHAR(8) CONSTRAINT resnoreq NOT NULL,
resname VARCHAR(20) CONSTRAINT resnamereq NOT NULL,
rate DECIMAL(4,2) CONSTRAINT ratereq NOT NULL,
CONSTRAINT PKresno PRIMARY KEY (resno),
CONSTRAINT validrate CHECK (rate>0))

-- 3.
CREATE TABLE EventRequest
(eventno CHAR(8) CONSTRAINT eventnoreq NOT NULL,
dateheld DATE CONSTRAINT dateheldreq NOT NULL,
datereq DATE CONSTRAINT datereqreq NOT NULL,
facno CHAR(8) CONSTRAINT eventreqfacno NOT NULL,
custno CHAR(8) CONSTRAINT eventreqcusto NOT NULL,
dateauth DATE,
status VARCHAR(15) CONSTRAINT statusreq NOT NULL,
estcost DECIMAL(7,2) CONSTRAINT estcostreq NOT NULL,
estaudience INTEGER CONSTRAINT estaudiencereq NOT NULL,
budno CHAR(8),
CONSTRAINT PKeventno PRIMARY KEY (eventno),
CONSTRAINT FKeventreqfacno FOREIGN KEY (facno) REFERENCES Facility,
CONSTRAINT FKeventreqcusto FOREIGN KEY (custno) REFERENCES Customer,
CONSTRAINT validstatus CHECK (status IN ('Approved','Pending','Denied')),
CONSTRAINT validestaudience CHECK(estaudience>0))

-- 4.
CREATE TABLE EventPlan
(planno CHAR(8) CONSTRAINT plannoreq NOT NULL,
eventno CHAR(8) CONSTRAINT FKeventnoreq NOT NULL,
workdate DATE CONSTRAINT workdatereq NOT NULL,
notes VARCHAR2(40),
activity VARCHAR(20) CONSTRAINT activityreq NOT NULL,
empno CHAR(8),
CONSTRAINT PKplanno PRIMARY KEY (planno),
CONSTRAINT FKeventplaneventno FOREIGN KEY (eventno) REFERENCES EventRequest,
CONSTRAINT FKeventplanempno FOREIGN KEY(empno) REFERENCES Employee)

-- 5.
CREATE TABLE EventPlanLine
(planno CHAR(8) CONSTRAINT EventPlanLineplannoreq NOT NULL,
lineno CHAR(8) CONSTRAINT linenoreq NOT NULL,
timestart DATE CONSTRAINT timestartreq NOT NULL ,
timeend DATE CONSTRAINT timeendreq NOT NULL,
numberfld CHAR(8) CONSTRAINT numberfldreq NOT NULL,
locno CHAR(8) CONSTRAINT EventPlanLinelocnoreq NOT NULL,
resno CHAR(8) CONSTRAINT EventPlanLineresnoreq NOT NULL,
CONSTRAINT PKplannolineno PRIMARY KEY (planno,lineno),
CONSTRAINT FKplanno FOREIGN KEY(planno) REFERENCES EventPlan,
CONSTRAINT FKEventPlanLinelocno FOREIGN KEY(locno) REFERENCES Location,
CONSTRAINT FKEventPlanLineresno FOREIGN KEY(resno) REFERENCES ResourceTbl)

-- Insert rows:
Insert into EMPLOYEE (EMPNO,EMPNAME,DEPARTMENT,EMAIL,PHONE) values ('E100','Chuck Coordinator','Administration','chuck@colorado.edu','3-1111');
Insert into EMPLOYEE (EMPNO,EMPNAME,DEPARTMENT,EMAIL,PHONE) values ('E101','Mary Manager','Football','mary@colorado.edu','5-1111');
Insert into EMPLOYEE (EMPNO,EMPNAME,DEPARTMENT,EMAIL,PHONE) values ('E102','Sally Supervisor','Planning','sally@colorado.edu','3-2222');
Insert into EMPLOYEE (EMPNO,EMPNAME,DEPARTMENT,EMAIL,PHONE) values ('E103','Alan Administrator','Administration','alan@colorado.edu','3-3333');

Insert into CUSTOMER (CUSTNO,CUSTNAME,ADDRESS,INTERNAL,CONTACT,PHONE,CITY,STATE,ZIP) values ('C100','Football','Box 352200','Y','Mary Manager','6857100','Boulder','CO','80309');
Insert into CUSTOMER (CUSTNO,CUSTNAME,ADDRESS,INTERNAL,CONTACT,PHONE,CITY,STATE,ZIP) values ('C101','Men''s Basketball','Box 352400','Y','Sally Supervisor','5431700','Boulder','CO','80309');
Insert into CUSTOMER (CUSTNO,CUSTNAME,ADDRESS,INTERNAL,CONTACT,PHONE,CITY,STATE,ZIP) values ('C103','Baseball','Box 352020','Y','Bill Baseball','5431234','Boulder','CO','80309');
Insert into CUSTOMER (CUSTNO,CUSTNAME,ADDRESS,INTERNAL,CONTACT,PHONE,CITY,STATE,ZIP) values ('C104','Women''s Softball','Box 351200','Y','Sue Softball','5434321','Boulder','CO','80309');
Insert into CUSTOMER (CUSTNO,CUSTNAME,ADDRESS,INTERNAL,CONTACT,PHONE,CITY,STATE,ZIP) values ('C105','High School Football','123 AnyStreet','N','Coach Bob','4441234','Louisville','CO','80027');

Insert into RESOURCETBL (RESNO,RESNAME,RATE) values ('R100','attendant',10);
Insert into RESOURCETBL (RESNO,RESNAME,RATE) values ('R101','police',15);
Insert into RESOURCETBL (RESNO,RESNAME,RATE) values ('R102','usher',10);
Insert into RESOURCETBL (RESNO,RESNAME,RATE) values ('R103','nurse',20);
Insert into RESOURCETBL (RESNO,RESNAME,RATE) values ('R104','janitor',15);
Insert into RESOURCETBL (RESNO,RESNAME,RATE) values ('R105','food service',10);

Insert into FACILITY (FACNO,FACNAME) values ('F100','Football stadium');
Insert into FACILITY (FACNO,FACNAME) values ('F101','Basketball arena');
Insert into FACILITY (FACNO,FACNAME) values ('F102','Baseball field');
Insert into FACILITY (FACNO,FACNAME) values ('F103','Recreation room');

Insert into LOCATION (LOCNO,FACNO,LOCNAME) values ('L100','F100','Locker room');
Insert into LOCATION (LOCNO,FACNO,LOCNAME) values ('L101','F100','Plaza');
Insert into LOCATION (LOCNO,FACNO,LOCNAME) values ('L102','F100','Vehicle gate');
Insert into LOCATION (LOCNO,FACNO,LOCNAME) values ('L103','F101','Locker room');
Insert into LOCATION (LOCNO,FACNO,LOCNAME) values ('L104','F100','Ticket Booth');
Insert into LOCATION (LOCNO,FACNO,LOCNAME) values ('L105','F101','Gate');
Insert into LOCATION (LOCNO,FACNO,LOCNAME) values ('L106','F100','Pedestrian gate');

Insert into EVENTREQUEST (EVENTNO,DATEHELD,DATEREQ,CUSTNO,FACNO,DATEAUTH,STATUS,ESTCOST,ESTAUDIENCE,BUDNO) values ('E100',to_date('25-OCT-13','DD-MON-RR'),to_date('06-JUN-13','DD-MON-RR'),'C100','F100',to_date('08-JUN-13','DD-MON-RR'),'Approved',5000,80000,'B1000');
Insert into EVENTREQUEST (EVENTNO,DATEHELD,DATEREQ,CUSTNO,FACNO,DATEAUTH,STATUS,ESTCOST,ESTAUDIENCE,BUDNO) values ('E101',to_date('26-OCT-13','DD-MON-RR'),to_date('28-JUL-13','DD-MON-RR'),'C100','F100',null,'Pending',5000,80000,'B1000');
Insert into EVENTREQUEST (EVENTNO,DATEHELD,DATEREQ,CUSTNO,FACNO,DATEAUTH,STATUS,ESTCOST,ESTAUDIENCE,BUDNO) values ('E103',to_date('21-SEP-13','DD-MON-RR'),to_date('28-JUL-13','DD-MON-RR'),'C100','F100',to_date('01-AUG-13','DD-MON-RR'),'Approved',5000,80000,'B1000');
Insert into EVENTREQUEST (EVENTNO,DATEHELD,DATEREQ,CUSTNO,FACNO,DATEAUTH,STATUS,ESTCOST,ESTAUDIENCE,BUDNO) values ('E102',to_date('14-SEP-13','DD-MON-RR'),to_date('28-JUL-13','DD-MON-RR'),'C100','F100',to_date('31-JUL-13','DD-MON-RR'),'Approved',5000,80000,'B1000');
Insert into EVENTREQUEST (EVENTNO,DATEHELD,DATEREQ,CUSTNO,FACNO,DATEAUTH,STATUS,ESTCOST,ESTAUDIENCE,BUDNO) values ('E104',to_date('03-DEC-13','DD-MON-RR'),to_date('28-JUL-13','DD-MON-RR'),'C101','F101',to_date('31-JUL-13','DD-MON-RR'),'Approved',2000,12000,'B1000');
Insert into EVENTREQUEST (EVENTNO,DATEHELD,DATEREQ,CUSTNO,FACNO,DATEAUTH,STATUS,ESTCOST,ESTAUDIENCE,BUDNO) values ('E105',to_date('05-DEC-13','DD-MON-RR'),to_date('28-JUL-13','DD-MON-RR'),'C101','F101',to_date('01-AUG-13','DD-MON-RR'),'Approved',2000,10000,'B1000');
Insert into EVENTREQUEST (EVENTNO,DATEHELD,DATEREQ,CUSTNO,FACNO,DATEAUTH,STATUS,ESTCOST,ESTAUDIENCE,BUDNO) values ('E106',to_date('12-DEC-13','DD-MON-RR'),to_date('28-JUL-13','DD-MON-RR'),'C101','F101',to_date('31-JUL-13','DD-MON-RR'),'Approved',2000,10000,'B1000');
Insert into EVENTREQUEST (EVENTNO,DATEHELD,DATEREQ,CUSTNO,FACNO,DATEAUTH,STATUS,ESTCOST,ESTAUDIENCE,BUDNO) values ('E107',to_date('23-NOV-13','DD-MON-RR'),to_date('28-JUL-13','DD-MON-RR'),'C105','F100',to_date('31-JUL-13','DD-MON-RR'),'Denied',10000,5000,null);


Insert into EVENTPLAN (PLANNO,EVENTNO,WORKDATE,NOTES,ACTIVITY,EMPNO) values ('P100','E100',to_date('25-OCT-13','DD-MON-RR'),'Standard operation','Operation','E102');
Insert into EVENTPLAN (PLANNO,EVENTNO,WORKDATE,NOTES,ACTIVITY,EMPNO) values ('P101','E104',to_date('03-DEC-13','DD-MON-RR'),'Watch for gate crashers','Operation','E100');
Insert into EVENTPLAN (PLANNO,EVENTNO,WORKDATE,NOTES,ACTIVITY,EMPNO) values ('P102','E105',to_date('05-DEC-13','DD-MON-RR'),'Standard operation','Operation','E102');
Insert into EVENTPLAN (PLANNO,EVENTNO,WORKDATE,NOTES,ACTIVITY,EMPNO) values ('P103','E106',to_date('12-DEC-13','DD-MON-RR'),'Watch for seat switching','Operation',null);
Insert into EVENTPLAN (PLANNO,EVENTNO,WORKDATE,NOTES,ACTIVITY,EMPNO) values ('P104','E101',to_date('26-OCT-13','DD-MON-RR'),'Standard cleanup','Cleanup','E101');
Insert into EVENTPLAN (PLANNO,EVENTNO,WORKDATE,NOTES,ACTIVITY,EMPNO) values ('P105','E100',to_date('25-OCT-13','DD-MON-RR'),'Light cleanup','Cleanup','E101');
Insert into EVENTPLAN (PLANNO,EVENTNO,WORKDATE,NOTES,ACTIVITY,EMPNO) values ('P199','E102',to_date('10-DEC-13','DD-MON-RR'),'ABC','Operation','E101');
Insert into EVENTPLAN (PLANNO,EVENTNO,WORKDATE,NOTES,ACTIVITY,EMPNO) values ('P299','E101',to_date('26-OCT-13','DD-MON-RR'),null,'Operation','E101');
Insert into EVENTPLAN (PLANNO,EVENTNO,WORKDATE,NOTES,ACTIVITY,EMPNO) values ('P349','E106',to_date('12-DEC-13','DD-MON-RR'),null,'Setup','E101');
Insert into EVENTPLAN (PLANNO,EVENTNO,WORKDATE,NOTES,ACTIVITY,EMPNO) values ('P85','E100',to_date('25-OCT-13','DD-MON-RR'),'Standard operation','Cleanup','E102');
Insert into EVENTPLAN (PLANNO,EVENTNO,WORKDATE,NOTES,ACTIVITY,EMPNO) values ('P95','E101',to_date('26-OCT-13','DD-MON-RR'),'Extra security','Cleanup','E102');

Insert into EVENTPLANLINE (PLANNO,LINENO,TIMESTART,TIMEEND,NUMBERFLD,LOCNO,RESNO) values ('P100',1, to_date('25-OCT-13 8:00:00','DD-MON-RR HH24:MI:SS'), to_date('25-OCT-13 17:00:00','DD-MON-RR HH24:MI:SS'),2,'L100','R100');
Insert into EVENTPLANLINE (PLANNO,LINENO,TIMESTART,TIMEEND,NUMBERFLD,LOCNO,RESNO) values ('P100',2, to_date('25-OCT-13 12:00:00','DD-MON-RR HH24:MI:SS'),to_date('25-OCT-13 17:00:00','DD-MON-RR HH24:MI:SS'), 2,'L101','R101');
Insert into EVENTPLANLINE (PLANNO,LINENO,TIMESTART,TIMEEND,NUMBERFLD,LOCNO,RESNO) values ('P100',3, to_date('25-OCT-13 7:00:00','DD-MON-RR HH24:MI:SS'), to_date('25-OCT-13 16:30:00','DD-MON-RR HH24:MI:SS'), 1,'L102','R102');
Insert into EVENTPLANLINE (PLANNO,LINENO,TIMESTART,TIMEEND,NUMBERFLD,LOCNO,RESNO) values ('P100',4, to_date('25-OCT-13 18:00:00','DD-MON-RR HH24:MI:SS'),to_date('25-OCT-13 22:00:00','DD-MON-RR HH24:MI:SS'),2,'L100','R102');
Insert into EVENTPLANLINE (PLANNO,LINENO,TIMESTART,TIMEEND,NUMBERFLD,LOCNO,RESNO) values ('P101',1, to_date('3-DEC-13 18:00:00','DD-MON-RR HH24:MI:SS'),to_date('3-DEC-13 20:00:00','DD-MON-RR HH24:MI:SS'),2,'L103','R100');
Insert into EVENTPLANLINE (PLANNO,LINENO,TIMESTART,TIMEEND,NUMBERFLD,LOCNO,RESNO) values ('P101',2, to_date('3-DEC-13 18:30:00','DD-MON-RR HH24:MI:SS'),to_date('3-DEC-13 19:00:00','DD-MON-RR HH24:MI:SS'),4,'L105','R100');
Insert into EVENTPLANLINE (PLANNO,LINENO,TIMESTART,TIMEEND,NUMBERFLD,LOCNO,RESNO) values ('P101',3, to_date('3-DEC-13 19:00:00','DD-MON-RR HH24:MI:SS'),to_date('3-DEC-13 20:00:00','DD-MON-RR HH24:MI:SS'),2,'L103','R103');
Insert into EVENTPLANLINE (PLANNO,LINENO,TIMESTART,TIMEEND,NUMBERFLD,LOCNO,RESNO) values ('P102',1, to_date('5-DEC-13 18:00:00','DD-MON-RR HH24:MI:SS'),to_date('5-DEC-13 19:00:00','DD-MON-RR HH24:MI:SS'),2,'L103','R100');
Insert into EVENTPLANLINE (PLANNO,LINENO,TIMESTART,TIMEEND,NUMBERFLD,LOCNO,RESNO) values ('P102',2, to_date('5-DEC-13 18:00:00','DD-MON-RR HH24:MI:SS'),to_date('5-DEC-13 21:00:00','DD-MON-RR HH24:MI:SS'),4,'L105','R100');
Insert into EVENTPLANLINE (PLANNO,LINENO,TIMESTART,TIMEEND,NUMBERFLD,LOCNO,RESNO) values ('P102',3, to_date('5-DEC-13 19:00:00','DD-MON-RR HH24:MI:SS'),to_date('5-DEC-13 22:00:00','DD-MON-RR HH24:MI:SS'),2,'L103','R103');
Insert into EVENTPLANLINE (PLANNO,LINENO,TIMESTART,TIMEEND,NUMBERFLD,LOCNO,RESNO) values ('P103',1, to_date('12-DEC-13 18:00:00','DD-MON-RR HH24:MI:SS'),to_date('12-DEC-13 21:00:00','DD-MON-RR HH24:MI:SS'),2,'L103','R100');
Insert into EVENTPLANLINE (PLANNO,LINENO,TIMESTART,TIMEEND,NUMBERFLD,LOCNO,RESNO) values ('P103',2, to_date('12-DEC-13 18:00:00','DD-MON-RR HH24:MI:SS'),to_date('12-DEC-13 21:00:00','DD-MON-RR HH24:MI:SS'),4,'L105','R100');
Insert into EVENTPLANLINE (PLANNO,LINENO,TIMESTART,TIMEEND,NUMBERFLD,LOCNO,RESNO) values ('P103',3, to_date('12-DEC-13 19:00:00','DD-MON-RR HH24:MI:SS'),to_date('12-DEC-13 22:00:00','DD-MON-RR HH24:MI:SS'),2,'L103','R103');
Insert into EVENTPLANLINE (PLANNO,LINENO,TIMESTART,TIMEEND,NUMBERFLD,LOCNO,RESNO) values ('P104',1, to_date('26-OCT-13 18:00:00','DD-MON-RR HH24:MI:SS'),to_date('26-OCT-13 22:00:00','DD-MON-RR HH24:MI:SS'),4,'L101','R104');
Insert into EVENTPLANLINE (PLANNO,LINENO,TIMESTART,TIMEEND,NUMBERFLD,LOCNO,RESNO) values ('P104',2, to_date('26-OCT-13 18:00:00','DD-MON-RR HH24:MI:SS'),to_date('26-OCT-13 22:00:00','DD-MON-RR HH24:MI:SS'),4,'L100','R104');
Insert into EVENTPLANLINE (PLANNO,LINENO,TIMESTART,TIMEEND,NUMBERFLD,LOCNO,RESNO) values ('P105',1, to_date('25-OCT-13 18:00:00','DD-MON-RR HH24:MI:SS'),to_date('25-OCT-13 22:00:00','DD-MON-RR HH24:MI:SS'),4,'L101','R104');
Insert into EVENTPLANLINE (PLANNO,LINENO,TIMESTART,TIMEEND,NUMBERFLD,LOCNO,RESNO) values ('P105',2, to_date('25-OCT-13 18:00:00','DD-MON-RR HH24:MI:SS'),to_date('25-OCT-13 22:00:00','DD-MON-RR HH24:MI:SS'),4,'L100','R104');
Insert into EVENTPLANLINE (PLANNO,LINENO,TIMESTART,TIMEEND,NUMBERFLD,LOCNO,RESNO) values ('P199',1, to_date('10-DEC-13 8:00:00','DD-MON-RR HH24:MI:SS'), to_date('10-DEC-13 12:00:00','DD-MON-RR HH24:MI:SS'),1,'L100','R100');
Insert into EVENTPLANLINE (PLANNO,LINENO,TIMESTART,TIMEEND,NUMBERFLD,LOCNO,RESNO) values ('P349',1, to_date('12-DEC-13 12:00:00','DD-MON-RR HH24:MI:SS'),to_date('12-DEC-13 15:30:00','DD-MON-RR HH24:MI:SS'),1,'L103','R100');
Insert into EVENTPLANLINE (PLANNO,LINENO,TIMESTART,TIMEEND,NUMBERFLD,LOCNO,RESNO) values ('P85',1,  to_date('25-OCT-13 9:00:00','DD-MON-RR HH24:MI:SS'), to_date('25-OCT-13 17:00:00','DD-MON-RR HH24:MI:SS'),5,'L100','R100');
Insert into EVENTPLANLINE (PLANNO,LINENO,TIMESTART,TIMEEND,NUMBERFLD,LOCNO,RESNO) values ('P85',2,  to_date('25-OCT-13 8:00:00','DD-MON-RR HH24:MI:SS'), to_date('25-OCT-13 17:00:00','DD-MON-RR HH24:MI:SS'),2,'L102','R101');
Insert into EVENTPLANLINE (PLANNO,LINENO,TIMESTART,TIMEEND,NUMBERFLD,LOCNO,RESNO) values ('P85',3, to_date('25-OCT-13 10:00:00','DD-MON-RR HH24:MI:SS'), to_date('25-OCT-13 15:00:00','DD-MON-RR HH24:MI:SS'),3,'L104','R100');
Insert into EVENTPLANLINE (PLANNO,LINENO,TIMESTART,TIMEEND,NUMBERFLD,LOCNO,RESNO) values ('P95',1, to_date('26-OCT-13 8:00:00','DD-MON-RR HH24:MI:SS'),  to_date('26-OCT-13 17:00:00','DD-MON-RR HH24:MI:SS'),4,'L100','R100');
Insert into EVENTPLANLINE (PLANNO,LINENO,TIMESTART,TIMEEND,NUMBERFLD,LOCNO,RESNO) values ('P95',2, to_date('26-OCT-13 9:00:00','DD-MON-RR HH24:MI:SS'),  to_date('26-OCT-13 17:00:00','DD-MON-RR HH24:MI:SS'),4,'L102','R101');
Insert into EVENTPLANLINE (PLANNO,LINENO,TIMESTART,TIMEEND,NUMBERFLD,LOCNO,RESNO) values ('P95',3, to_date('26-OCT-13 10:00:00','DD-MON-RR HH24:MI:SS'), to_date('26-OCT-13 15:00:00','DD-MON-RR HH24:MI:SS'),4,'L106','R100');
Insert into EVENTPLANLINE (PLANNO,LINENO,TIMESTART,TIMEEND,NUMBERFLD,LOCNO,RESNO) values ('P95',4, to_date('26-OCT-13 13:00:00','DD-MON-RR HH24:MI:SS'), to_date('26-OCT-13 17:00:00','DD-MON-RR HH24:MI:SS'),2,'L100','R103');
Insert into EVENTPLANLINE (PLANNO,LINENO,TIMESTART,TIMEEND,NUMBERFLD,LOCNO,RESNO) values ('P95',5, to_date('26-OCT-13 13:00:00','DD-MON-RR HH24:MI:SS'), to_date('26-OCT-13 17:00:00','DD-MON-RR HH24:MI:SS'),2,'L101','R104');
